,id,age,income
count,3038538.0,3038538.0,3038538.0
mean,22499994.664436977,58.99787661039618,500415.0708932323
std,12991673.556876231,23.962333334618293,288705.6492595388
min,0.0,18.0,0.62
25%,11245937.5,38.0,250225.505
50%,22500676.0,59.0,500901.475
75%,33754579.0,80.0,750624.1625000001
max,44999982.0,100.0,999999.62
