,id,age,income
count,6750032.0,6750032.0,6750032.0
mean,67500094.83268465,58.999010819504264,499932.97542735876
std,38970961.69530686,23.958569802087652,288699.6642205558
min,11.0,18.0,0.07
25%,33750081.5,38.0,249882.9975
50%,67499993.5,59.0,499901.79
75%,101249964.25,80.0,750062.6525
max,134999948.0,100.0,999999.88
